﻿<mockup version="5.3" minAllowVersion="5.3" ID="F550F1E1-DB8A-492C-8497-D5DD4FC64EE4" platform="MtMobile" defaultW="375" defaultH="667" measureW="375" measureH="667" screenOrientation="MoPortrait" mobileScreenScale="1.77777779102325" clipArea="(0,0,0,0)">
  <controls controlCount="2">
    <control controlID="381B2489-58FC-431B-AD3F-A7919DFAFDD0" controlTypeID="Label" x="96" y="282" w="184" h="54" zOrder="0">
      <font family="Segoe+UI" displayName="Segoe+UI+Bold" postScript="" weightStyle="Bold" weight="700" isBold="True" isItalic="False"/>
      <text>DUTCHER</text>
      <textColor>4278190182</textColor>
      <textSize>40</textSize>
      <lineSpacing>0</lineSpacing>
      <textStyles>[fsBold]</textStyles>
      <useDefaultTextSize>False</useDefaultTextSize>
      <selectedIndex>-1</selectedIndex>
    </control>
    <control controlID="55949452-B9C0-47E0-9C2E-96D7C818150C" controlTypeID="Timer" x="-62" y="143" w="46" h="46" zOrder="1">
      <links eventType="AtClick" animate="AmNone" animateAutoDelay="0" animateDuration="500">
        <link targetPageID="BCE70EF7-EE90-44A2-9C05-02281F70D861" linkType="ltPageLink" isApplyIncludePage="False" title="Home">
          <area shape="0" alt="" ID="{F3428009-2091-4E81-9BC2-701FB729501A}" coords="(0,0,46,46)"/>
        </link>
      </links>
      <groupChildrenDescriptors/>
    </control>
  </controls>
  <param>
    <backgroundColor>4281584895</backgroundColor>
    <fontSize>14</fontSize>
    <fontFamily>Segoe+UI</fontFamily>
    <guideLines/>
  </param>
</mockup>