﻿<project version="2.9" name="Project" ID="B4D248E2-92C7-41B0-BE85-843D274CF075">
  <params>
    <pageParam version="5.3" minAllowVersion="5.3"/>
    <projectParam version="2.9" minAllowVersion="2.9" platform="MtMobile" orientation="MoPortrait" mobileScreenScale="1.77777779102325" mobileType="mmtIOS" pageSize="(375,667)" backgroundColor="4278242559" fontSize="14" fontFamily="Segoe UI" projectType="ptPersonalProject" isShowTitleIndex="False"/>
    <previewParam version="1.0"/>
    <colorParam version="1.0"/>
  </params>
  <pages>
    <page name="start" ID="F550F1E1-DB8A-492C-8497-D5DD4FC64EE4" expanded="False" code="GMMZmY1N3c" thumbCode="GMMZmY1N3c" status="psWhite" isfolder="False" isshownode="True"/>
    <page name="Home" ID="BCE70EF7-EE90-44A2-9C05-02281F70D861" expanded="True" code="qfQQZH6nqT" thumbCode="qfQQZH6nqT" isLastOpen="True" status="psWhite" isfolder="False" isshownode="True">
      <images>
        <image key="A6FBF34563F171D2F9FF132D1B656C64.svg"/>
        <image key="C7D1B4CE058A7FC0691E8FF41CC36AD9.svg"/>
        <image key="CB1D4BD70EFAF9D0D63B9D0659D62AAA.svg"/>
        <image key="DC456CCD4FF5E71E295D9D11FEDA541E.svg"/>
        <image key="784D3084F9C2AFEEB7C71AAC6A2AAEE8.svg"/>
        <image key="EB8BAC216DC648260F1AB39C708E2697.svg"/>
      </images>
    </page>
  </pages>
  <trash/>
  <deletes/>
  <masters/>
  <images>
    <image key="A6FBF34563F171D2F9FF132D1B656C64.svg"/>
    <image key="CB1D4BD70EFAF9D0D63B9D0659D62AAA.svg"/>
    <image key="C7D1B4CE058A7FC0691E8FF41CC36AD9.svg"/>
    <image key="DC456CCD4FF5E71E295D9D11FEDA541E.svg"/>
    <image key="EB8BAC216DC648260F1AB39C708E2697.svg"/>
    <image key="784D3084F9C2AFEEB7C71AAC6A2AAEE8.svg"/>
  </images>
</project>